Wall time,Step,Value
1576512570.8607206,1250,0.39949771761894226
1576513473.320363,1252,0.6641305088996887
1576514375.4182186,1254,0.6836309432983398
1576515275.569125,1256,0.7222768068313599
1576516177.5588706,1258,0.7114962339401245
1576517078.9677098,1260,0.7275252342224121
1576517980.871095,1262,0.7299396991729736
1576518882.195149,1264,0.7169989347457886
1576519786.0738075,1266,0.7198372483253479
1576520690.4148602,1268,0.7198757529258728
1576521593.9835308,1270,0.7260894775390625
1576522495.9038658,1272,0.7234868407249451
1576523404.0284183,1274,0.722114622592926
1576524306.9549277,1276,0.7090791463851929
1576525209.6189523,1278,0.7282029390335083
1576526111.8668077,1280,0.7279088497161865
1576527014.7607527,1282,0.7244966626167297
1576527914.012677,1284,0.7266689538955688
1576528813.8360374,1286,0.7270374298095703
1576529712.256092,1288,0.7064311504364014
1576530609.8330982,1290,0.7394047379493713
1576531509.1926324,1292,0.7281402349472046
1576532410.9293404,1294,0.7329609394073486
1576533311.0085323,1296,0.7273397445678711
1576534211.7558515,1298,0.7329864501953125
1576535111.530745,1300,0.7258762717247009
1576536013.8083358,1302,0.7285774350166321
1576536913.2643983,1304,0.7186302542686462
1576537820.3959718,1306,0.7417041659355164
1576538729.1124318,1308,0.7255281209945679
1576539628.3533883,1310,0.7198519706726074
1576540528.7803938,1312,0.7140914797782898
1576541428.062749,1314,0.7203146815299988
1576542327.0793138,1316,0.7289921641349792
1576543228.0097024,1318,0.7200504541397095
1576544128.6442673,1320,0.7207800149917603
1576545031.8716657,1322,0.7245861887931824
1576545932.8074026,1324,0.7297585010528564
1576546833.2381124,1326,0.7118206024169922
1576547732.861357,1328,0.7177640199661255
1576548632.2244744,1330,0.7243548035621643
1576549530.6293268,1332,0.7229073643684387
1576550430.3389761,1334,0.7321746945381165
1576551329.3324008,1336,0.7144655585289001
1576552229.1763003,1338,0.7142259478569031
1576553128.1139567,1340,0.7074124217033386
1576554026.1863885,1342,0.7237856984138489
1576554924.3286948,1344,0.7154784202575684
1576555824.5141187,1346,0.7125847339630127
1576556722.4945526,1348,0.7172312140464783
