Wall time,Step,Value
1579018003.5798693,1250,0.9247229695320129
1579018724.1351175,1252,0.9403209686279297
1579019445.459323,1254,0.914223849773407
1579020169.1278791,1256,0.926422655582428
1579020893.96891,1258,0.9125748872756958
1579021617.6024537,1260,0.8912347555160522
1579022344.4227881,1262,0.9048731923103333
1579023109.4038231,1264,0.8965744376182556
1579023861.5890915,1266,0.849422037601471
1579024614.3500524,1268,0.867591142654419
1579025784.3265858,1270,0.8825719356536865
1579026534.6537302,1272,0.8423827886581421
1579027308.3524034,1274,0.887856125831604
1579028056.6904824,1276,0.8624424934387207
1579028835.2185016,1278,0.8887251615524292
1579029577.2482207,1280,0.8680577278137207
1579030328.3876677,1282,0.8788815140724182
1579031100.7583833,1284,0.8384689092636108
1579031853.8983543,1286,0.8350058794021606
1579032574.8867629,1288,0.8522031903266907
1579033339.436191,1290,0.8669811487197876
1579034068.2589204,1292,0.8452202081680298
1579034796.9395156,1294,0.8718186020851135
1579035531.9944701,1296,0.873245894908905
1579036282.5276847,1298,0.8510021567344666
1579037042.8366706,1300,0.8782338500022888
1579037776.222223,1302,0.8517491221427917
1579038527.2194073,1304,0.8475273251533508
1579039252.5756497,1306,0.8775827884674072
1579039987.1999514,1308,0.881662905216217
1579040709.6118188,1310,0.8581261038780212
1579041459.713442,1312,0.8636605143547058
1579042219.8288066,1314,0.8700958490371704
1579042953.604939,1316,0.8479601740837097
1579043709.5038702,1318,0.852468729019165
1579044439.396482,1320,0.881427526473999
1579045200.284932,1322,0.8753551840782166
1579045944.3926425,1324,0.8719868659973145
1579046668.8399045,1326,0.8618956804275513
1579047414.7360718,1328,0.8428407311439514
1579048142.2835162,1330,0.8478517532348633
1579048876.1370232,1332,0.837826669216156
1579049597.2700965,1334,0.8469659090042114
1579050325.9354813,1336,0.8208118081092834
1579051048.6465163,1338,0.8719104528427124
1579051808.9336712,1340,0.8581934571266174
1579052538.3272624,1342,0.8738818764686584
1579053262.0370994,1344,0.8680745363235474
1579054011.2859788,1346,0.8389982581138611
1579054737.951927,1348,0.8612765669822693
